year,mean_global_co2_level,mean_global_co2_change
0,277.454,
1,277.137,-0.11432%
2,277.16,0.00830%
3,277.158,-0.00072%
4,277.157,-0.00036%
5,277.167,0.00361%
6,277.172,0.00180%
7,277.171,-0.00036%
8,277.175,0.00144%
9,277.176,0.00036%
10,277.179,0.00108%
11,277.194,0.00541%
12,277.198,0.00144%
13,277.201,0.00108%
14,277.201,0.00000%
15,277.211,0.00361%
16,277.217,0.00216%
17,277.221,0.00144%
18,277.226,0.00180%
19,277.227,0.00036%
20,277.232,0.00180%
21,277.234,0.00072%
22,277.237,0.00108%
23,277.245,0.00289%
24,277.249,0.00144%
25,277.256,0.00252%
26,277.26,0.00144%
27,277.277,0.00613%
28,277.28,0.00108%
29,277.282,0.00072%
30,277.284,0.00072%
31,277.285,0.00036%
32,277.293,0.00289%
33,277.291,-0.00072%
34,277.295,0.00144%
35,277.3,0.00180%
36,277.305,0.00180%
37,277.311,0.00216%
38,277.316,0.00180%
39,277.318,0.00072%
40,277.325,0.00252%
41,277.33,0.00180%
42,277.334,0.00144%
43,277.337,0.00108%
44,277.341,0.00144%
45,277.343,0.00072%
46,277.348,0.00180%
47,277.351,0.00108%
48,277.353,0.00072%
49,277.36,0.00252%
50,277.362,0.00072%
51,277.363,0.00036%
52,277.368,0.00180%
53,277.371,0.00108%
54,277.376,0.00180%
55,277.379,0.00108%
56,277.385,0.00216%
57,277.387,0.00072%
58,277.389,0.00072%
59,277.395,0.00216%
60,277.397,0.00072%
61,277.402,0.00180%
62,277.406,0.00144%
63,277.408,0.00072%
64,277.417,0.00324%
65,277.423,0.00216%
66,277.428,0.00180%
67,277.43,0.00072%
68,277.433,0.00108%
69,277.437,0.00144%
70,277.436,-0.00036%
71,277.437,0.00036%
72,277.437,0.00000%
73,277.445,0.00288%
74,277.452,0.00252%
75,277.457,0.00180%
76,277.462,0.00180%
77,277.461,-0.00036%
78,277.463,0.00072%
79,277.472,0.00324%
80,277.477,0.00180%
81,277.481,0.00144%
82,277.487,0.00216%
83,277.489,0.00072%
84,277.497,0.00288%
85,277.505,0.00288%
86,277.509,0.00144%
87,277.516,0.00252%
88,277.52,0.00144%
89,277.528,0.00288%
90,277.536,0.00288%
91,277.541,0.00180%
92,277.554,0.00468%
93,277.56,0.00216%
94,277.571,0.00396%
95,277.571,0.00000%
96,277.579,0.00288%
97,277.584,0.00180%
98,277.597,0.00468%
99,277.609,0.00432%
100,277.62,0.00396%
101,277.623,0.00108%
102,277.63,0.00252%
103,277.633,0.00108%
104,277.636,0.00108%
105,277.645,0.00324%
106,277.643,-0.00072%
107,277.651,0.00288%
108,277.656,0.00180%
109,277.659,0.00108%
110,277.663,0.00144%
111,277.671,0.00288%
112,277.678,0.00252%
113,277.694,0.00576%
114,277.702,0.00288%
115,277.71,0.00288%
116,277.717,0.00252%
117,277.718,0.00036%
118,277.723,0.00180%
119,277.726,0.00108%
120,277.733,0.00252%
121,277.739,0.00216%
122,277.744,0.00180%
123,277.748,0.00144%
124,277.75,0.00072%
125,277.758,0.00288%
126,277.761,0.00108%
127,277.765,0.00144%
128,277.769,0.00144%
129,277.77,0.00036%
130,277.773,0.00108%
131,277.779,0.00216%
132,277.785,0.00216%
133,277.79,0.00180%
134,277.794,0.00144%
135,277.801,0.00252%
136,277.808,0.00252%
137,277.813,0.00180%
138,277.821,0.00288%
139,277.828,0.00252%
140,277.832,0.00144%
141,277.835,0.00108%
142,277.846,0.00396%
143,277.855,0.00324%
144,277.859,0.00144%
145,277.869,0.00360%
146,277.876,0.00252%
147,277.884,0.00288%
148,277.89,0.00216%
149,277.897,0.00252%
150,277.907,0.00360%
151,277.917,0.00360%
152,277.924,0.00252%
153,277.934,0.00360%
154,277.946,0.00432%
155,277.956,0.00360%
156,277.977,0.00755%
157,277.984,0.00252%
158,278,0.00576%
159,278.012,0.00432%
160,278.029,0.00611%
161,278.042,0.00468%
162,278.055,0.00468%
163,278.071,0.00575%
164,278.087,0.00575%
165,278.11,0.00827%
166,278.124,0.00503%
167,278.138,0.00503%
168,278.155,0.00611%
169,278.172,0.00611%
170,278.194,0.00791%
171,278.211,0.00611%
172,278.233,0.00791%
173,278.257,0.00863%
174,278.278,0.00755%
175,278.298,0.00719%
176,278.321,0.00826%
177,278.34,0.00683%
178,278.363,0.00826%
179,278.384,0.00754%
180,278.404,0.00718%
181,278.415,0.00395%
182,278.432,0.00611%
183,278.455,0.00826%
184,278.483,0.01005%
185,278.508,0.00898%
186,278.52,0.00431%
187,278.543,0.00826%
188,278.561,0.00646%
189,278.58,0.00682%
190,278.599,0.00682%
191,278.635,0.01292%
192,278.661,0.00933%
193,278.681,0.00718%
194,278.712,0.01112%
195,278.735,0.00825%
196,278.765,0.01076%
197,278.789,0.00861%
198,278.816,0.00968%
199,278.845,0.01040%
200,278.877,0.01148%
201,278.901,0.00861%
202,278.936,0.01255%
203,278.957,0.00753%
204,278.986,0.01040%
205,279.021,0.01254%
206,279.051,0.01075%
207,279.088,0.01326%
208,279.114,0.00932%
209,279.137,0.00824%
210,279.164,0.00967%
211,279.187,0.00824%
212,279.212,0.00895%
213,279.237,0.00895%
214,279.261,0.00859%
215,279.282,0.00752%
216,279.306,0.00859%
217,279.334,0.01002%
218,279.353,0.00680%
219,279.379,0.00931%
220,279.404,0.00895%
221,279.429,0.00895%
222,279.452,0.00823%
223,279.474,0.00787%
224,279.497,0.00823%
225,279.516,0.00680%
226,279.533,0.00608%
227,279.554,0.00751%
228,279.578,0.00858%
229,279.602,0.00858%
230,279.625,0.00823%
231,279.646,0.00751%
232,279.667,0.00751%
233,279.693,0.00930%
234,279.717,0.00858%
235,279.739,0.00786%
236,279.749,0.00357%
237,279.77,0.00751%
238,279.788,0.00643%
239,279.806,0.00643%
240,279.825,0.00679%
241,279.835,0.00357%
242,279.846,0.00393%
243,279.855,0.00322%
244,279.863,0.00286%
245,279.877,0.00500%
246,279.892,0.00536%
247,279.911,0.00679%
248,279.915,0.00143%
249,279.928,0.00464%
250,279.952,0.00857%
251,279.974,0.00786%
252,279.987,0.00464%
253,279.994,0.00250%
254,279.998,0.00143%
255,280.007,0.00321%
256,280.012,0.00179%
257,280.031,0.00679%
258,280.039,0.00286%
259,280.046,0.00250%
260,280.059,0.00464%
261,280.056,-0.00107%
262,280.07,0.00500%
263,280.073,0.00107%
264,280.076,0.00107%
265,280.086,0.00357%
266,280.097,0.00393%
267,280.109,0.00428%
268,280.123,0.00500%
269,280.122,-0.00036%
270,280.142,0.00714%
271,280.15,0.00286%
272,280.161,0.00393%
273,280.172,0.00393%
274,280.181,0.00321%
275,280.187,0.00214%
276,280.197,0.00357%
277,280.207,0.00357%
278,280.204,-0.00107%
279,280.216,0.00428%
280,280.213,-0.00107%
281,280.222,0.00321%
282,280.228,0.00214%
283,280.23,0.00071%
284,280.231,0.00036%
285,280.235,0.00143%
286,280.245,0.00357%
287,280.242,-0.00107%
288,280.243,0.00036%
289,280.237,-0.00214%
290,280.242,0.00178%
291,280.235,-0.00250%
292,280.243,0.00285%
293,280.233,-0.00357%
294,280.235,0.00071%
295,280.236,0.00036%
296,280.24,0.00143%
297,280.225,-0.00535%
298,280.211,-0.00500%
299,280.206,-0.00178%
300,280.209,0.00107%
301,280.211,0.00071%
302,280.21,-0.00036%
303,280.207,-0.00107%
304,280.206,-0.00036%
305,280.208,0.00071%
306,280.203,-0.00178%
307,280.196,-0.00250%
308,280.197,0.00036%
309,280.196,-0.00036%
310,280.193,-0.00107%
311,280.19,-0.00107%
312,280.192,0.00071%
313,280.171,-0.00750%
314,280.169,-0.00071%
315,280.157,-0.00428%
316,280.156,-0.00036%
317,280.148,-0.00286%
318,280.14,-0.00286%
319,280.126,-0.00500%
320,280.125,-0.00036%
321,280.118,-0.00250%
322,280.11,-0.00286%
323,280.101,-0.00321%
324,280.087,-0.00500%
325,280.08,-0.00250%
326,280.088,0.00286%
327,280.087,-0.00036%
328,280.08,-0.00250%
329,280.065,-0.00536%
330,280.057,-0.00286%
331,280.048,-0.00321%
332,280.035,-0.00464%
333,280.025,-0.00357%
334,280.007,-0.00643%
335,279.993,-0.00500%
336,279.975,-0.00643%
337,279.965,-0.00357%
338,279.949,-0.00572%
339,279.926,-0.00822%
340,279.919,-0.00250%
341,279.89,-0.01036%
342,279.875,-0.00536%
343,279.85,-0.00893%
344,279.833,-0.00607%
345,279.827,-0.00214%
346,279.813,-0.00500%
347,279.806,-0.00250%
348,279.788,-0.00643%
349,279.78,-0.00286%
350,279.761,-0.00679%
351,279.752,-0.00322%
352,279.734,-0.00643%
353,279.726,-0.00286%
354,279.717,-0.00322%
355,279.7,-0.00608%
356,279.668,-0.01144%
357,279.644,-0.00858%
358,279.614,-0.01073%
359,279.588,-0.00930%
360,279.559,-0.01037%
361,279.532,-0.00966%
362,279.496,-0.01288%
363,279.466,-0.01073%
364,279.441,-0.00895%
365,279.42,-0.00752%
366,279.4,-0.00716%
367,279.373,-0.00966%
368,279.351,-0.00788%
369,279.331,-0.00716%
370,279.307,-0.00859%
371,279.276,-0.01110%
372,279.249,-0.00967%
373,279.223,-0.00931%
374,279.22,-0.00107%
375,279.206,-0.00501%
376,279.194,-0.00430%
377,279.181,-0.00466%
378,279.167,-0.00501%
379,279.144,-0.00824%
380,279.137,-0.00251%
381,279.114,-0.00824%
382,279.108,-0.00215%
383,279.097,-0.00394%
384,279.086,-0.00394%
385,279.071,-0.00537%
386,279.055,-0.00573%
387,279.037,-0.00645%
388,279.017,-0.00717%
389,279.017,0.00000%
390,279.006,-0.00394%
391,278.987,-0.00681%
392,278.98,-0.00251%
393,278.974,-0.00215%
394,278.96,-0.00502%
395,278.942,-0.00645%
396,278.938,-0.00143%
397,278.906,-0.01147%
398,278.884,-0.00789%
399,278.88,-0.00143%
400,278.864,-0.00574%
401,278.846,-0.00645%
402,278.833,-0.00466%
403,278.832,-0.00036%
404,278.835,0.00108%
405,278.84,0.00179%
406,278.836,-0.00143%
407,278.839,0.00108%
408,278.84,0.00036%
409,278.829,-0.00394%
410,278.821,-0.00287%
411,278.814,-0.00251%
412,278.817,0.00108%
413,278.804,-0.00466%
414,278.789,-0.00538%
415,278.775,-0.00502%
416,278.76,-0.00538%
417,278.754,-0.00215%
418,278.719,-0.01256%
419,278.703,-0.00574%
420,278.692,-0.00395%
421,278.67,-0.00789%
422,278.655,-0.00538%
423,278.641,-0.00502%
424,278.627,-0.00502%
425,278.608,-0.00682%
426,278.593,-0.00538%
427,278.572,-0.00754%
428,278.558,-0.00503%
429,278.544,-0.00503%
430,278.522,-0.00790%
431,278.498,-0.00862%
432,278.473,-0.00898%
433,278.455,-0.00646%
434,278.426,-0.01042%
435,278.396,-0.01078%
436,278.369,-0.00970%
437,278.351,-0.00647%
438,278.313,-0.01365%
439,278.287,-0.00934%
440,278.268,-0.00683%
441,278.251,-0.00611%
442,278.232,-0.00683%
443,278.226,-0.00216%
444,278.22,-0.00216%
445,278.19,-0.01078%
446,278.18,-0.00359%
447,278.151,-0.01043%
448,278.137,-0.00503%
449,278.119,-0.00647%
450,278.102,-0.00611%
451,278.083,-0.00683%
452,278.051,-0.01151%
453,278.026,-0.00899%
454,278.01,-0.00576%
455,277.985,-0.00899%
456,277.971,-0.00504%
457,277.949,-0.00791%
458,277.925,-0.00864%
459,277.897,-0.01008%
460,277.883,-0.00504%
461,277.865,-0.00648%
462,277.845,-0.00720%
463,277.816,-0.01044%
464,277.8,-0.00576%
465,277.777,-0.00828%
466,277.759,-0.00648%
467,277.738,-0.00756%
468,277.713,-0.00900%
469,277.693,-0.00720%
470,277.674,-0.00684%
471,277.644,-0.01080%
472,277.629,-0.00540%
473,277.611,-0.00648%
474,277.59,-0.00756%
475,277.561,-0.01045%
476,277.533,-0.01009%
477,277.517,-0.00577%
478,277.496,-0.00757%
479,277.485,-0.00396%
480,277.48,-0.00180%
481,277.464,-0.00577%
482,277.459,-0.00180%
483,277.449,-0.00360%
484,277.444,-0.00180%
485,277.427,-0.00613%
486,277.401,-0.00937%
487,277.378,-0.00829%
488,277.37,-0.00288%
489,277.353,-0.00613%
490,277.348,-0.00180%
491,277.331,-0.00613%
492,277.311,-0.00721%
493,277.299,-0.00433%
494,277.277,-0.00793%
495,277.264,-0.00469%
496,277.258,-0.00216%
497,277.239,-0.00685%
498,277.235,-0.00144%
499,277.217,-0.00649%
500,277.206,-0.00397%
501,277.192,-0.00505%
502,277.186,-0.00216%
503,277.172,-0.00505%
504,277.158,-0.00505%
505,277.141,-0.00613%
506,277.137,-0.00144%
507,277.122,-0.00541%
508,277.116,-0.00217%
509,277.11,-0.00217%
510,277.099,-0.00397%
511,277.084,-0.00541%
512,277.072,-0.00433%
513,277.063,-0.00325%
514,277.052,-0.00397%
515,277.048,-0.00144%
516,277.041,-0.00253%
517,277.033,-0.00289%
518,277.026,-0.00253%
519,277.024,-0.00072%
520,277.015,-0.00325%
521,277.01,-0.00180%
522,277.009,-0.00036%
523,277.004,-0.00181%
524,277.011,0.00253%
525,277.012,0.00036%
526,277.015,0.00108%
527,277.016,0.00036%
528,277.013,-0.00108%
529,277.014,0.00036%
530,277.013,-0.00036%
531,277.013,0.00000%
532,277.036,0.00830%
533,277.045,0.00325%
534,277.053,0.00289%
535,277.056,0.00108%
536,277.055,-0.00036%
537,277.063,0.00289%
538,277.057,-0.00217%
539,277.057,0.00000%
540,277.074,0.00614%
541,277.07,-0.00144%
542,277.076,0.00217%
543,277.092,0.00577%
544,277.094,0.00072%
545,277.095,0.00036%
546,277.109,0.00505%
547,277.112,0.00108%
548,277.112,0.00000%
549,277.13,0.00650%
550,277.136,0.00217%
551,277.125,-0.00397%
552,277.122,-0.00108%
553,277.114,-0.00289%
554,277.131,0.00613%
555,277.127,-0.00144%
556,277.124,-0.00108%
557,277.123,-0.00036%
558,277.131,0.00289%
559,277.131,0.00000%
560,277.132,0.00036%
561,277.146,0.00505%
562,277.139,-0.00253%
563,277.139,0.00000%
564,277.14,0.00036%
565,277.148,0.00289%
566,277.146,-0.00072%
567,277.146,0.00000%
568,277.153,0.00253%
569,277.15,-0.00108%
570,277.146,-0.00144%
571,277.155,0.00325%
572,277.161,0.00216%
573,277.159,-0.00072%
574,277.169,0.00361%
575,277.173,0.00144%
576,277.178,0.00180%
577,277.181,0.00108%
578,277.191,0.00361%
579,277.194,0.00108%
580,277.198,0.00144%
581,277.212,0.00505%
582,277.226,0.00505%
583,277.241,0.00541%
584,277.262,0.00757%
585,277.277,0.00541%
586,277.292,0.00541%
587,277.303,0.00397%
588,277.323,0.00721%
589,277.335,0.00433%
590,277.347,0.00433%
591,277.366,0.00685%
592,277.381,0.00541%
593,277.403,0.00793%
594,277.425,0.00793%
595,277.43,0.00180%
596,277.436,0.00216%
597,277.446,0.00360%
598,277.47,0.00865%
599,277.488,0.00649%
600,277.508,0.00721%
601,277.514,0.00216%
602,277.529,0.00540%
603,277.55,0.00757%
604,277.576,0.00937%
605,277.591,0.00540%
606,277.605,0.00504%
607,277.619,0.00504%
608,277.636,0.00612%
609,277.656,0.00720%
610,277.674,0.00648%
611,277.687,0.00468%
612,277.702,0.00540%
613,277.722,0.00720%
614,277.744,0.00792%
615,277.773,0.01044%
616,277.789,0.00576%
617,277.807,0.00648%
618,277.826,0.00684%
619,277.851,0.00900%
620,277.873,0.00792%
621,277.886,0.00468%
622,277.91,0.00864%
623,277.93,0.00720%
624,277.956,0.00935%
625,277.973,0.00612%
626,277.982,0.00324%
627,278.009,0.00971%
628,278.028,0.00683%
629,278.05,0.00791%
630,278.071,0.00755%
631,278.089,0.00647%
632,278.106,0.00611%
633,278.119,0.00467%
634,278.145,0.00935%
635,278.16,0.00539%
636,278.171,0.00395%
637,278.185,0.00503%
638,278.189,0.00144%
639,278.204,0.00539%
640,278.222,0.00647%
641,278.237,0.00539%
642,278.253,0.00575%
643,278.266,0.00467%
644,278.281,0.00539%
645,278.295,0.00503%
646,278.307,0.00431%
647,278.318,0.00395%
648,278.333,0.00539%
649,278.351,0.00647%
650,278.362,0.00395%
651,278.383,0.00754%
652,278.392,0.00323%
653,278.403,0.00395%
654,278.414,0.00395%
655,278.427,0.00467%
656,278.437,0.00359%
657,278.446,0.00323%
658,278.456,0.00359%
659,278.462,0.00215%
660,278.479,0.00610%
661,278.49,0.00395%
662,278.501,0.00395%
663,278.509,0.00287%
664,278.525,0.00574%
665,278.528,0.00108%
666,278.539,0.00395%
667,278.556,0.00610%
668,278.571,0.00538%
669,278.581,0.00359%
670,278.589,0.00287%
671,278.595,0.00215%
672,278.601,0.00215%
673,278.608,0.00251%
674,278.626,0.00646%
675,278.637,0.00395%
676,278.64,0.00108%
677,278.649,0.00323%
678,278.66,0.00395%
679,278.665,0.00179%
680,278.674,0.00323%
681,278.683,0.00323%
682,278.689,0.00215%
683,278.697,0.00287%
684,278.716,0.00682%
685,278.726,0.00359%
686,278.735,0.00323%
687,278.741,0.00215%
688,278.755,0.00502%
689,278.769,0.00502%
690,278.781,0.00430%
691,278.799,0.00646%
692,278.799,0.00000%
693,278.81,0.00395%
694,278.814,0.00143%
695,278.824,0.00359%
696,278.828,0.00143%
697,278.832,0.00143%
698,278.84,0.00287%
699,278.85,0.00359%
700,278.861,0.00394%
701,278.874,0.00466%
702,278.882,0.00287%
703,278.89,0.00287%
704,278.901,0.00394%
705,278.903,0.00072%
706,278.91,0.00251%
707,278.92,0.00359%
708,278.927,0.00251%
709,278.936,0.00323%
710,278.952,0.00574%
711,278.958,0.00215%
712,278.963,0.00179%
713,278.974,0.00394%
714,278.982,0.00287%
715,278.989,0.00251%
716,278.998,0.00323%
717,279.004,0.00215%
718,279.009,0.00179%
719,279.014,0.00179%
720,279.025,0.00394%
721,279.03,0.00179%
722,279.036,0.00215%
723,279.041,0.00179%
724,279.049,0.00287%
725,279.051,0.00072%
726,279.055,0.00143%
727,279.063,0.00287%
728,279.07,0.00251%
729,279.073,0.00107%
730,279.081,0.00287%
731,279.088,0.00251%
732,279.098,0.00358%
733,279.108,0.00358%
734,279.115,0.00251%
735,279.115,0.00000%
736,279.122,0.00251%
737,279.121,-0.00036%
738,279.127,0.00215%
739,279.131,0.00143%
740,279.137,0.00215%
741,279.142,0.00179%
742,279.146,0.00143%
743,279.154,0.00287%
744,279.161,0.00251%
745,279.172,0.00394%
746,279.178,0.00215%
747,279.193,0.00537%
748,279.203,0.00358%
749,279.207,0.00143%
750,279.213,0.00215%
751,279.214,0.00036%
752,279.227,0.00466%
753,279.231,0.00143%
754,279.234,0.00107%
755,279.247,0.00466%
756,279.258,0.00394%
757,279.268,0.00358%
758,279.273,0.00179%
759,279.278,0.00179%
760,279.288,0.00358%
761,279.294,0.00215%
762,279.296,0.00072%
763,279.301,0.00179%
764,279.303,0.00072%
765,279.306,0.00107%
766,279.311,0.00179%
767,279.313,0.00072%
768,279.32,0.00251%
769,279.322,0.00072%
770,279.324,0.00072%
771,279.328,0.00143%
772,279.327,-0.00036%
773,279.326,-0.00036%
774,279.324,-0.00072%
775,279.327,0.00107%
776,279.333,0.00215%
777,279.345,0.00430%
778,279.349,0.00143%
779,279.347,-0.00072%
780,279.343,-0.00143%
781,279.341,-0.00072%
782,279.342,0.00036%
783,279.338,-0.00143%
784,279.341,0.00107%
785,279.337,-0.00143%
786,279.335,-0.00072%
787,279.328,-0.00251%
788,279.326,-0.00072%
789,279.316,-0.00358%
790,279.316,0.00000%
791,279.311,-0.00179%
792,279.308,-0.00107%
793,279.295,-0.00465%
794,279.294,-0.00036%
795,279.294,0.00000%
796,279.288,-0.00215%
797,279.282,-0.00215%
798,279.277,-0.00179%
799,279.28,0.00107%
800,279.274,-0.00215%
801,279.272,-0.00072%
802,279.273,0.00036%
803,279.273,0.00000%
804,279.276,0.00107%
805,279.281,0.00179%
806,279.283,0.00072%
807,279.285,0.00072%
808,279.293,0.00286%
809,279.295,0.00072%
810,279.298,0.00107%
811,279.302,0.00143%
812,279.303,0.00036%
813,279.305,0.00072%
814,279.307,0.00072%
815,279.311,0.00143%
816,279.313,0.00072%
817,279.315,0.00072%
818,279.32,0.00179%
819,279.319,-0.00036%
820,279.324,0.00179%
821,279.325,0.00036%
822,279.326,0.00036%
823,279.326,0.00000%
824,279.323,-0.00107%
825,279.323,0.00000%
826,279.321,-0.00072%
827,279.322,0.00036%
828,279.323,0.00036%
829,279.326,0.00107%
830,279.326,0.00000%
831,279.326,0.00000%
832,279.324,-0.00072%
833,279.329,0.00179%
834,279.324,-0.00179%
835,279.325,0.00036%
836,279.323,-0.00072%
837,279.327,0.00143%
838,279.329,0.00072%
839,279.334,0.00179%
840,279.334,0.00000%
841,279.334,0.00000%
842,279.339,0.00179%
843,279.349,0.00358%
844,279.349,0.00000%
845,279.352,0.00107%
846,279.349,-0.00107%
847,279.349,0.00000%
848,279.352,0.00107%
849,279.355,0.00107%
850,279.353,-0.00072%
851,279.355,0.00072%
852,279.352,-0.00107%
853,279.352,0.00000%
854,279.35,-0.00072%
855,279.348,-0.00072%
856,279.346,-0.00072%
857,279.349,0.00107%
858,279.348,-0.00036%
859,279.347,-0.00036%
860,279.351,0.00143%
861,279.345,-0.00215%
862,279.347,0.00072%
863,279.348,0.00036%
864,279.347,-0.00036%
865,279.336,-0.00394%
866,279.326,-0.00358%
867,279.317,-0.00322%
868,279.314,-0.00107%
869,279.312,-0.00072%
870,279.308,-0.00143%
871,279.306,-0.00072%
872,279.303,-0.00107%
873,279.285,-0.00644%
874,279.276,-0.00322%
875,279.269,-0.00251%
876,279.259,-0.00358%
877,279.252,-0.00251%
878,279.238,-0.00501%
879,279.227,-0.00394%
880,279.224,-0.00107%
881,279.216,-0.00287%
882,279.204,-0.00430%
883,279.191,-0.00466%
884,279.185,-0.00215%
885,279.17,-0.00537%
886,279.158,-0.00430%
887,279.147,-0.00394%
888,279.148,0.00036%
889,279.14,-0.00287%
890,279.129,-0.00394%
891,279.122,-0.00251%
892,279.109,-0.00466%
893,279.098,-0.00394%
894,279.086,-0.00430%
895,279.078,-0.00287%
896,279.07,-0.00287%
897,279.055,-0.00538%
898,279.045,-0.00358%
899,279.038,-0.00251%
900,279.021,-0.00609%
901,279.015,-0.00215%
902,279.002,-0.00466%
903,278.994,-0.00287%
904,278.989,-0.00179%
905,278.981,-0.00287%
906,278.961,-0.00717%
907,278.95,-0.00394%
908,278.938,-0.00430%
909,278.93,-0.00287%
910,278.918,-0.00430%
911,278.909,-0.00323%
912,278.899,-0.00359%
913,278.894,-0.00179%
914,278.883,-0.00394%
915,278.871,-0.00430%
916,278.866,-0.00179%
917,278.857,-0.00323%
918,278.849,-0.00287%
919,278.831,-0.00646%
920,278.817,-0.00502%
921,278.804,-0.00466%
922,278.792,-0.00430%
923,278.784,-0.00287%
924,278.772,-0.00430%
925,278.768,-0.00143%
926,278.753,-0.00538%
927,278.742,-0.00395%
928,278.74,-0.00072%
929,278.723,-0.00610%
930,278.713,-0.00359%
931,278.704,-0.00323%
932,278.696,-0.00287%
933,278.684,-0.00431%
934,278.679,-0.00179%
935,278.673,-0.00215%
936,278.658,-0.00538%
937,278.649,-0.00323%
938,278.644,-0.00179%
939,278.639,-0.00179%
940,278.63,-0.00323%
941,278.622,-0.00287%
942,278.617,-0.00179%
943,278.611,-0.00215%
944,278.615,0.00144%
945,278.624,0.00323%
946,278.63,0.00215%
947,278.635,0.00179%
948,278.635,0.00000%
949,278.64,0.00179%
950,278.652,0.00431%
951,278.653,0.00036%
952,278.661,0.00287%
953,278.672,0.00395%
954,278.699,0.00969%
955,278.708,0.00323%
956,278.719,0.00395%
957,278.727,0.00287%
958,278.735,0.00287%
959,278.75,0.00538%
960,278.757,0.00251%
961,278.763,0.00215%
962,278.775,0.00430%
963,278.787,0.00430%
964,278.796,0.00323%
965,278.81,0.00502%
966,278.82,0.00359%
967,278.839,0.00681%
968,278.854,0.00538%
969,278.89,0.01291%
970,278.907,0.00610%
971,278.923,0.00574%
972,278.949,0.00932%
973,278.96,0.00394%
974,278.963,0.00108%
975,278.972,0.00323%
976,278.978,0.00215%
977,278.986,0.00287%
978,278.996,0.00358%
979,279.006,0.00358%
980,279.008,0.00072%
981,279.024,0.00573%
982,279.038,0.00502%
983,279.057,0.00681%
984,279.069,0.00430%
985,279.092,0.00824%
986,279.115,0.00824%
987,279.148,0.01182%
988,279.169,0.00752%
989,279.183,0.00501%
990,279.201,0.00645%
991,279.217,0.00573%
992,279.241,0.00860%
993,279.262,0.00752%
994,279.278,0.00573%
995,279.294,0.00573%
996,279.314,0.00716%
997,279.339,0.00895%
998,279.358,0.00680%
999,279.382,0.00859%
1000,279.404,0.00787%
1001,279.426,0.00787%
1002,279.448,0.00787%
1003,279.477,0.01038%
1004,279.499,0.00787%
1005,279.524,0.00894%
1006,279.541,0.00608%
1007,279.56,0.00680%
1008,279.579,0.00680%
1009,279.601,0.00787%
1010,279.63,0.01037%
1011,279.661,0.01109%
1012,279.692,0.01108%
1013,279.73,0.01359%
1014,279.76,0.01072%
1015,279.795,0.01251%
1016,279.828,0.01179%
1017,279.86,0.01143%
1018,279.892,0.01143%
1019,279.917,0.00893%
1020,279.949,0.01143%
1021,279.984,0.01250%
1022,280.018,0.01214%
1023,280.052,0.01214%
1024,280.087,0.01250%
1025,280.126,0.01392%
1026,280.164,0.01356%
1027,280.2,0.01285%
1028,280.236,0.01285%
1029,280.276,0.01427%
1030,280.313,0.01320%
1031,280.353,0.01427%
1032,280.395,0.01498%
1033,280.437,0.01498%
1034,280.48,0.01533%
1035,280.514,0.01212%
1036,280.554,0.01426%
1037,280.591,0.01319%
1038,280.632,0.01461%
1039,280.674,0.01497%
1040,280.71,0.01283%
1041,280.754,0.01567%
1042,280.793,0.01389%
1043,280.835,0.01496%
1044,280.876,0.01460%
1045,280.913,0.01317%
1046,280.955,0.01495%
1047,280.991,0.01281%
1048,281.034,0.01530%
1049,281.079,0.01601%
1050,281.128,0.01743%
1051,281.173,0.01601%
1052,281.218,0.01600%
1053,281.273,0.01956%
1054,281.328,0.01955%
1055,281.371,0.01528%
1056,281.418,0.01670%
1057,281.46,0.01492%
1058,281.512,0.01847%
1059,281.557,0.01598%
1060,281.601,0.01563%
1061,281.641,0.01420%
1062,281.685,0.01562%
1063,281.729,0.01562%
1064,281.768,0.01384%
1065,281.802,0.01207%
1066,281.838,0.01277%
1067,281.873,0.01242%
1068,281.91,0.01313%
1069,281.948,0.01348%
1070,281.983,0.01241%
1071,282.023,0.01418%
1072,282.061,0.01347%
1073,282.097,0.01276%
1074,282.133,0.01276%
1075,282.173,0.01418%
1076,282.207,0.01205%
1077,282.245,0.01346%
1078,282.282,0.01311%
1079,282.314,0.01134%
1080,282.35,0.01275%
1081,282.384,0.01204%
1082,282.416,0.01133%
1083,282.45,0.01204%
1084,282.483,0.01168%
1085,282.513,0.01062%
1086,282.547,0.01203%
1087,282.578,0.01097%
1088,282.607,0.01026%
1089,282.647,0.01415%
1090,282.68,0.01167%
1091,282.707,0.00955%
1092,282.738,0.01096%
1093,282.773,0.01238%
1094,282.804,0.01096%
1095,282.832,0.00990%
1096,282.861,0.01025%
1097,282.882,0.00742%
1098,282.915,0.01166%
1099,282.947,0.01131%
1100,282.969,0.00778%
1101,282.996,0.00954%
1102,283.021,0.00883%
1103,283.048,0.00954%
1104,283.077,0.01025%
1105,283.105,0.00989%
1106,283.135,0.01060%
1107,283.167,0.01130%
1108,283.193,0.00918%
1109,283.213,0.00706%
1110,283.232,0.00671%
1111,283.251,0.00671%
1112,283.276,0.00883%
1113,283.306,0.01059%
1114,283.331,0.00882%
1115,283.356,0.00882%
1116,283.38,0.00847%
1117,283.401,0.00741%
1118,283.42,0.00670%
1119,283.448,0.00988%
1120,283.473,0.00882%
1121,283.494,0.00741%
1122,283.517,0.00811%
1123,283.543,0.00917%
1124,283.565,0.00776%
1125,283.587,0.00776%
1126,283.61,0.00811%
1127,283.631,0.00740%
1128,283.655,0.00846%
1129,283.675,0.00705%
1130,283.699,0.00846%
1131,283.719,0.00705%
1132,283.739,0.00705%
1133,283.758,0.00670%
1134,283.779,0.00740%
1135,283.795,0.00564%
1136,283.814,0.00669%
1137,283.836,0.00775%
1138,283.854,0.00634%
1139,283.877,0.00810%
1140,283.893,0.00564%
1141,283.913,0.00704%
1142,283.929,0.00564%
1143,283.948,0.00669%
1144,283.961,0.00458%
1145,283.982,0.00740%
1146,283.999,0.00599%
1147,284.01,0.00387%
1148,284.028,0.00634%
1149,284.048,0.00704%
1150,284.058,0.00352%
1151,284.071,0.00458%
1152,284.096,0.00880%
1153,284.112,0.00563%
1154,284.125,0.00458%
1155,284.131,0.00211%
1156,284.141,0.00352%
1157,284.152,0.00387%
1158,284.158,0.00211%
1159,284.165,0.00246%
1160,284.164,-0.00035%
1161,284.164,0.00000%
1162,284.166,0.00070%
1163,284.168,0.00070%
1164,284.169,0.00035%
1165,284.169,0.00000%
1166,284.168,-0.00035%
1167,284.164,-0.00141%
1168,284.167,0.00106%
1169,284.165,-0.00070%
1170,284.165,0.00000%
1171,284.164,-0.00035%
1172,284.159,-0.00176%
1173,284.164,0.00176%
1174,284.164,0.00000%
1175,284.166,0.00070%
1176,284.165,-0.00035%
1177,284.164,-0.00035%
1178,284.16,-0.00141%
1179,284.157,-0.00106%
1180,284.156,-0.00035%
1181,284.15,-0.00211%
1182,284.145,-0.00176%
1183,284.128,-0.00598%
1184,284.098,-0.01056%
1185,284.07,-0.00986%
1186,284.055,-0.00528%
1187,284.045,-0.00352%
1188,284.022,-0.00810%
1189,283.999,-0.00810%
1190,283.967,-0.01127%
1191,283.942,-0.00880%
1192,283.924,-0.00634%
1193,283.896,-0.00986%
1194,283.876,-0.00705%
1195,283.846,-0.01057%
1196,283.816,-0.01057%
1197,283.797,-0.00669%
1198,283.769,-0.00987%
1199,283.744,-0.00881%
1200,283.726,-0.00634%
1201,283.699,-0.00952%
1202,283.679,-0.00705%
1203,283.661,-0.00635%
1204,283.646,-0.00529%
1205,283.63,-0.00564%
1206,283.611,-0.00670%
1207,283.589,-0.00776%
1208,283.566,-0.00811%
1209,283.545,-0.00741%
1210,283.52,-0.00882%
1211,283.498,-0.00776%
1212,283.473,-0.00882%
1213,283.452,-0.00741%
1214,283.423,-0.01023%
1215,283.4,-0.00812%
1216,283.371,-0.01023%
1217,283.342,-0.01023%
1218,283.311,-0.01094%
1219,283.282,-0.01024%
1220,283.256,-0.00918%
1221,283.225,-0.01094%
1222,283.195,-0.01059%
1223,283.175,-0.00706%
1224,283.152,-0.00812%
1225,283.128,-0.00848%
1226,283.106,-0.00777%
1227,283.089,-0.00600%
1228,283.06,-0.01024%
1229,283.034,-0.00919%
1230,283.014,-0.00707%
1231,282.996,-0.00636%
1232,282.983,-0.00459%
1233,282.954,-0.01025%
1234,282.932,-0.00778%
1235,282.912,-0.00707%
1236,282.889,-0.00813%
1237,282.858,-0.01096%
1238,282.835,-0.00813%
1239,282.815,-0.00707%
1240,282.79,-0.00884%
1241,282.758,-0.01132%
1242,282.724,-0.01203%
1243,282.698,-0.00920%
1244,282.67,-0.00991%
1245,282.643,-0.00955%
1246,282.613,-0.01061%
1247,282.584,-0.01026%
1248,282.551,-0.01168%
1249,282.517,-0.01203%
1250,282.478,-0.01381%
1251,282.446,-0.01133%
1252,282.42,-0.00921%
1253,282.394,-0.00921%
1254,282.359,-0.01239%
1255,282.333,-0.00921%
1256,282.299,-0.01204%
1257,282.273,-0.00921%
1258,282.233,-0.01417%
1259,282.202,-0.01098%
1260,282.173,-0.01028%
1261,282.142,-0.01099%
1262,282.114,-0.00992%
1263,282.086,-0.00993%
1264,282.06,-0.00922%
1265,282.028,-0.01135%
1266,282.004,-0.00851%
1267,281.984,-0.00709%
1268,281.967,-0.00603%
1269,281.94,-0.00958%
1270,281.929,-0.00390%
1271,281.91,-0.00674%
1272,281.888,-0.00780%
1273,281.87,-0.00639%
1274,281.86,-0.00355%
1275,281.844,-0.00568%
1276,281.835,-0.00319%
1277,281.817,-0.00639%
1278,281.799,-0.00639%
1279,281.787,-0.00426%
1280,281.781,-0.00213%
1281,281.774,-0.00248%
1282,281.761,-0.00461%
1283,281.745,-0.00568%
1284,281.722,-0.00816%
1285,281.707,-0.00532%
1286,281.698,-0.00319%
1287,281.686,-0.00426%
1288,281.671,-0.00533%
1289,281.656,-0.00533%
1290,281.635,-0.00746%
1291,281.615,-0.00710%
1292,281.605,-0.00355%
1293,281.596,-0.00320%
1294,281.591,-0.00178%
1295,281.581,-0.00355%
1296,281.575,-0.00213%
1297,281.564,-0.00391%
1298,281.559,-0.00178%
1299,281.554,-0.00178%
1300,281.542,-0.00426%
1301,281.538,-0.00142%
1302,281.53,-0.00284%
1303,281.524,-0.00213%
1304,281.517,-0.00249%
1305,281.512,-0.00178%
1306,281.503,-0.00320%
1307,281.494,-0.00320%
1308,281.487,-0.00249%
1309,281.481,-0.00213%
1310,281.471,-0.00355%
1311,281.454,-0.00604%
1312,281.435,-0.00675%
1313,281.42,-0.00533%
1314,281.394,-0.00924%
1315,281.376,-0.00640%
1316,281.356,-0.00711%
1317,281.328,-0.00995%
1318,281.294,-0.01209%
1319,281.278,-0.00569%
1320,281.259,-0.00676%
1321,281.237,-0.00782%
1322,281.232,-0.00178%
1323,281.217,-0.00533%
1324,281.205,-0.00427%
1325,281.2,-0.00178%
1326,281.197,-0.00107%
1327,281.182,-0.00533%
1328,281.167,-0.00533%
1329,281.167,0.00000%
1330,281.164,-0.00107%
1331,281.162,-0.00071%
1332,281.156,-0.00213%
1333,281.166,0.00356%
1334,281.164,-0.00071%
1335,281.172,0.00285%
1336,281.174,0.00071%
1337,281.163,-0.00391%
1338,281.16,-0.00107%
1339,281.156,-0.00142%
1340,281.139,-0.00605%
1341,281.117,-0.00783%
1342,281.087,-0.01067%
1343,281.063,-0.00854%
1344,281.046,-0.00605%
1345,281.027,-0.00676%
1346,281.017,-0.00356%
1347,281.014,-0.00107%
1348,281.006,-0.00285%
1349,280.996,-0.00356%
1350,280.99,-0.00214%
1351,280.985,-0.00178%
1352,280.985,0.00000%
1353,280.986,0.00036%
1354,280.982,-0.00142%
1355,280.979,-0.00107%
1356,280.97,-0.00320%
1357,280.963,-0.00249%
1358,280.949,-0.00498%
1359,280.934,-0.00534%
1360,280.921,-0.00463%
1361,280.913,-0.00285%
1362,280.899,-0.00498%
1363,280.879,-0.00712%
1364,280.864,-0.00534%
1365,280.834,-0.01068%
1366,280.824,-0.00356%
1367,280.811,-0.00463%
1368,280.798,-0.00463%
1369,280.775,-0.00819%
1370,280.759,-0.00570%
1371,280.746,-0.00463%
1372,280.732,-0.00499%
1373,280.717,-0.00534%
1374,280.705,-0.00427%
1375,280.691,-0.00499%
1376,280.68,-0.00392%
1377,280.67,-0.00356%
1378,280.662,-0.00285%
1379,280.65,-0.00428%
1380,280.638,-0.00428%
1381,280.634,-0.00143%
1382,280.636,0.00071%
1383,280.636,0.00000%
1384,280.631,-0.00178%
1385,280.626,-0.00178%
1386,280.63,0.00143%
1387,280.627,-0.00107%
1388,280.611,-0.00570%
1389,280.602,-0.00321%
1390,280.605,0.00107%
1391,280.596,-0.00321%
1392,280.585,-0.00392%
1393,280.568,-0.00606%
1394,280.552,-0.00570%
1395,280.54,-0.00428%
1396,280.518,-0.00784%
1397,280.499,-0.00677%
1398,280.483,-0.00570%
1399,280.464,-0.00677%
1400,280.445,-0.00677%
1401,280.425,-0.00713%
1402,280.406,-0.00678%
1403,280.387,-0.00678%
1404,280.376,-0.00392%
1405,280.369,-0.00250%
1406,280.359,-0.00357%
1407,280.358,-0.00036%
1408,280.349,-0.00321%
1409,280.347,-0.00071%
1410,280.344,-0.00107%
1411,280.339,-0.00178%
1412,280.33,-0.00321%
1413,280.324,-0.00214%
1414,280.318,-0.00214%
1415,280.304,-0.00499%
1416,280.298,-0.00214%
1417,280.29,-0.00285%
1418,280.281,-0.00321%
1419,280.274,-0.00250%
1420,280.272,-0.00071%
1421,280.266,-0.00214%
1422,280.263,-0.00107%
1423,280.274,0.00392%
1424,280.3,0.00928%
1425,280.304,0.00143%
1426,280.324,0.00713%
1427,280.334,0.00357%
1428,280.376,0.01498%
1429,280.41,0.01213%
1430,280.422,0.00428%
1431,280.427,0.00178%
1432,280.425,-0.00071%
1433,280.434,0.00321%
1434,280.438,0.00143%
1435,280.428,-0.00357%
1436,280.465,0.01319%
1437,280.487,0.00784%
1438,280.518,0.01105%
1439,280.551,0.01176%
1440,280.579,0.00998%
1441,280.63,0.01818%
1442,280.672,0.01497%
1443,280.716,0.01568%
1444,280.754,0.01354%
1445,280.79,0.01282%
1446,280.829,0.01389%
1447,280.869,0.01424%
1448,280.911,0.01495%
1449,280.951,0.01424%
1450,280.99,0.01388%
1451,281.024,0.01210%
1452,281.058,0.01210%
1453,281.088,0.01067%
1454,281.102,0.00498%
1455,281.109,0.00249%
1456,281.115,0.00213%
1457,281.102,-0.00462%
1458,281.11,0.00285%
1459,281.134,0.00854%
1460,281.16,0.00925%
1461,281.179,0.00676%
1462,281.194,0.00533%
1463,281.231,0.01316%
1464,281.265,0.01209%
1465,281.301,0.01280%
1466,281.336,0.01244%
1467,281.378,0.01493%
1468,281.414,0.01279%
1469,281.455,0.01457%
1470,281.47,0.00533%
1471,281.493,0.00817%
1472,281.521,0.00995%
1473,281.559,0.01350%
1474,281.591,0.01136%
1475,281.629,0.01349%
1476,281.659,0.01065%
1477,281.71,0.01811%
1478,281.763,0.01881%
1479,281.824,0.02165%
1480,281.877,0.01880%
1481,281.931,0.01916%
1482,281.99,0.02092%
1483,282.047,0.02021%
1484,282.106,0.02092%
1485,282.164,0.02056%
1486,282.225,0.02162%
1487,282.275,0.01771%
1488,282.329,0.01913%
1489,282.392,0.02231%
1490,282.448,0.01983%
1491,282.501,0.01876%
1492,282.56,0.02088%
1493,282.613,0.01876%
1494,282.67,0.02017%
1495,282.723,0.01875%
1496,282.775,0.01839%
1497,282.831,0.01980%
1498,282.888,0.02015%
1499,282.94,0.01838%
1500,282.996,0.01979%
1501,283.041,0.01590%
1502,283.087,0.01625%
1503,283.136,0.01731%
1504,283.178,0.01483%
1505,283.218,0.01412%
1506,283.248,0.01059%
1507,283.274,0.00918%
1508,283.302,0.00988%
1509,283.333,0.01094%
1510,283.371,0.01341%
1511,283.404,0.01164%
1512,283.436,0.01129%
1513,283.467,0.01094%
1514,283.5,0.01164%
1515,283.529,0.01023%
1516,283.538,0.00317%
1517,283.555,0.00600%
1518,283.558,0.00106%
1519,283.558,0.00000%
1520,283.559,0.00035%
1521,283.548,-0.00388%
1522,283.54,-0.00282%
1523,283.528,-0.00423%
1524,283.513,-0.00529%
1525,283.504,-0.00317%
1526,283.494,-0.00353%
1527,283.483,-0.00388%
1528,283.481,-0.00071%
1529,283.482,0.00035%
1530,283.472,-0.00353%
1531,283.453,-0.00670%
1532,283.46,0.00247%
1533,283.458,-0.00071%
1534,283.454,-0.00141%
1535,283.442,-0.00423%
1536,283.429,-0.00459%
1537,283.402,-0.00953%
1538,283.38,-0.00776%
1539,283.339,-0.01447%
1540,283.311,-0.00988%
1541,283.255,-0.01977%
1542,283.208,-0.01659%
1543,283.154,-0.01907%
1544,283.091,-0.02225%
1545,283.034,-0.02014%
1546,282.983,-0.01802%
1547,282.921,-0.02191%
1548,282.866,-0.01944%
1549,282.799,-0.02369%
1550,282.737,-0.02193%
1551,282.687,-0.01769%
1552,282.626,-0.02158%
1553,282.565,-0.02159%
1554,282.495,-0.02478%
1555,282.449,-0.01628%
1556,282.395,-0.01912%
1557,282.334,-0.02160%
1558,282.263,-0.02515%
1559,282.214,-0.01736%
1560,282.147,-0.02374%
1561,282.08,-0.02375%
1562,282.011,-0.02446%
1563,281.93,-0.02873%
1564,281.856,-0.02625%
1565,281.787,-0.02448%
1566,281.713,-0.02626%
1567,281.621,-0.03266%
1568,281.537,-0.02983%
1569,281.461,-0.02700%
1570,281.377,-0.02985%
1571,281.302,-0.02666%
1572,281.229,-0.02595%
1573,281.145,-0.02987%
1574,281.05,-0.03380%
1575,280.956,-0.03345%
1576,280.868,-0.03133%
1577,280.774,-0.03347%
1578,280.68,-0.03348%
1579,280.584,-0.03421%
1580,280.48,-0.03707%
1581,280.382,-0.03495%
1582,280.281,-0.03603%
1583,280.18,-0.03604%
1584,280.083,-0.03463%
1585,279.986,-0.03464%
1586,279.886,-0.03572%
1587,279.784,-0.03645%
1588,279.675,-0.03897%
1589,279.569,-0.03791%
1590,279.467,-0.03649%
1591,279.353,-0.04080%
1592,279.237,-0.04153%
1593,279.117,-0.04298%
1594,278.986,-0.04694%
1595,278.867,-0.04266%
1596,278.731,-0.04878%
1597,278.619,-0.04019%
1598,278.531,-0.03159%
1599,278.44,-0.03268%
1600,278.376,-0.02299%
1601,278.305,-0.02551%
1602,278.217,-0.03162%
1603,278.14,-0.02768%
1604,278.063,-0.02769%
1605,278.003,-0.02158%
1606,277.957,-0.01655%
1607,277.896,-0.02195%
1608,277.821,-0.02699%
1609,277.793,-0.01008%
1610,277.76,-0.01188%
1611,277.764,0.00144%
1612,277.756,-0.00288%
1613,277.706,-0.01800%
1614,277.636,-0.02521%
1615,277.571,-0.02341%
1616,277.497,-0.02666%
1617,277.434,-0.02271%
1618,277.359,-0.02704%
1619,277.287,-0.02596%
1620,277.219,-0.02453%
1621,277.163,-0.02020%
1622,277.091,-0.02598%
1623,277.04,-0.01841%
1624,276.995,-0.01624%
1625,276.938,-0.02058%
1626,276.882,-0.02022%
1627,276.844,-0.01373%
1628,276.796,-0.01734%
1629,276.75,-0.01662%
1630,276.715,-0.01265%
1631,276.68,-0.01265%
1632,276.653,-0.00976%
1633,276.627,-0.00940%
1634,276.605,-0.00795%
1635,276.58,-0.00904%
1636,276.553,-0.00976%
1637,276.537,-0.00579%
1638,276.518,-0.00687%
1639,276.502,-0.00579%
1640,276.49,-0.00434%
1641,276.482,-0.00289%
1642,276.473,-0.00326%
1643,276.465,-0.00289%
1644,276.453,-0.00434%
1645,276.441,-0.00434%
1646,276.435,-0.00217%
1647,276.43,-0.00181%
1648,276.423,-0.00253%
1649,276.417,-0.00217%
1650,276.408,-0.00326%
1651,276.397,-0.00398%
1652,276.399,0.00072%
1653,276.386,-0.00470%
1654,276.371,-0.00543%
1655,276.364,-0.00253%
1656,276.359,-0.00181%
1657,276.345,-0.00507%
1658,276.332,-0.00470%
1659,276.319,-0.00470%
1660,276.308,-0.00398%
1661,276.308,0.00000%
1662,276.295,-0.00471%
1663,276.298,0.00109%
1664,276.285,-0.00471%
1665,276.274,-0.00398%
1666,276.272,-0.00072%
1667,276.281,0.00326%
1668,276.285,0.00145%
1669,276.291,0.00217%
1670,276.305,0.00507%
1671,276.315,0.00362%
1672,276.332,0.00615%
1673,276.348,0.00579%
1674,276.368,0.00724%
1675,276.367,-0.00036%
1676,276.387,0.00724%
1677,276.406,0.00687%
1678,276.438,0.01158%
1679,276.462,0.00868%
1680,276.505,0.01555%
1681,276.536,0.01121%
1682,276.569,0.01193%
1683,276.608,0.01410%
1684,276.634,0.00940%
1685,276.654,0.00723%
1686,276.677,0.00831%
1687,276.696,0.00687%
1688,276.71,0.00506%
1689,276.711,0.00036%
1690,276.728,0.00614%
1691,276.724,-0.00145%
1692,276.73,0.00217%
1693,276.749,0.00687%
1694,276.747,-0.00072%
1695,276.75,0.00108%
1696,276.739,-0.00397%
1697,276.746,0.00253%
1698,276.748,0.00072%
1699,276.747,-0.00036%
1700,276.746,-0.00036%
1701,276.75,0.00145%
1702,276.758,0.00289%
1703,276.757,-0.00036%
1704,276.755,-0.00072%
1705,276.749,-0.00217%
1706,276.743,-0.00217%
1707,276.745,0.00072%
1708,276.739,-0.00217%
1709,276.736,-0.00108%
1710,276.741,0.00181%
1711,276.733,-0.00289%
1712,276.731,-0.00072%
1713,276.725,-0.00217%
1714,276.723,-0.00072%
1715,276.717,-0.00217%
1716,276.716,-0.00036%
1717,276.717,0.00036%
1718,276.71,-0.00253%
1719,276.706,-0.00145%
1720,276.695,-0.00398%
1721,276.698,0.00108%
1722,276.701,0.00108%
1723,276.7,-0.00036%
1724,276.708,0.00289%
1725,276.718,0.00361%
1726,276.719,0.00036%
1727,276.712,-0.00253%
1728,276.707,-0.00181%
1729,276.715,0.00289%
1730,276.723,0.00289%
1731,276.73,0.00253%
1732,276.733,0.00108%
1733,276.739,0.00217%
1734,276.753,0.00506%
1735,276.76,0.00253%
1736,276.773,0.00470%
1737,276.79,0.00614%
1738,276.812,0.00795%
1739,276.835,0.00831%
1740,276.855,0.00722%
1741,276.876,0.00758%
1742,276.901,0.00903%
1743,276.926,0.00903%
1744,276.953,0.00975%
1745,276.986,0.01191%
1746,277.014,0.01011%
1747,277.044,0.01083%
1748,277.08,0.01299%
1749,277.109,0.01047%
1750,277.147,0.01371%
1751,277.188,0.01479%
1752,277.229,0.01479%
1753,277.263,0.01226%
1754,277.304,0.01479%
1755,277.351,0.01695%
1756,277.389,0.01370%
1757,277.442,0.01910%
1758,277.489,0.01694%
1759,277.54,0.01838%
1760,277.605,0.02342%
1761,277.664,0.02125%
1762,277.732,0.02449%
1763,277.796,0.02304%
1764,277.859,0.02268%
1765,277.913,0.01943%
1766,277.958,0.01619%
1767,278.017,0.02122%
1768,278.078,0.02194%
1769,278.135,0.02050%
1770,278.194,0.02121%
1771,278.27,0.02732%
1772,278.334,0.02300%
1773,278.412,0.02802%
1774,278.491,0.02837%
1775,278.586,0.03411%
1776,278.683,0.03481%
1777,278.774,0.03265%
1778,278.866,0.03300%
1779,278.959,0.03334%
1780,279.054,0.03405%
1781,279.145,0.03260%
1782,279.243,0.03510%
1783,279.34,0.03473%
1784,279.434,0.03365%
1785,279.532,0.03506%
1786,279.629,0.03469%
1787,279.729,0.03576%
1788,279.831,0.03646%
1789,279.933,0.03644%
1790,280.037,0.03714%
1791,280.141,0.03713%
1792,280.241,0.03569%
1793,280.332,0.03247%
1794,280.415,0.02960%
1795,280.4919999,0.02746%
1796,280.5549999,0.02246%
1797,280.6229999,0.02423%
1798,280.6819999,0.02102%
1799,280.7529999,0.02529%
1800,280.8339999,0.02885%
1801,280.9189999,0.03026%
1802,280.9939999,0.02669%
1803,281.0729999,0.02811%
1804,281.1569999,0.02988%
1805,281.2339999,0.02738%
1806,281.3219999,0.03129%
1807,281.4089999,0.03092%
1808,281.4959999,0.03091%
1809,281.5659999,0.02486%
1810,281.6479999,0.02912%
1811,281.7179999,0.02485%
1812,281.7899999,0.02555%
1813,281.8579999,0.02413%
1814,281.9309999,0.02590%
1815,281.9919999,0.02163%
1816,282.0589999,0.02376%
1817,282.1269999,0.02411%
1818,282.1999999,0.02587%
1819,282.2719999,0.02551%
1820,282.3459999,0.02621%
1821,282.4149999,0.02444%
1822,282.4769999,0.02195%
1823,282.5399999,0.02230%
1824,282.6179999,0.02760%
1825,282.6759999,0.02052%
1826,282.6929999,0.00601%
1827,282.6929999,0.00000%
1828,282.7079999,0.00531%
1829,282.7609999,0.01875%
1830,282.8249999,0.02263%
1831,282.8909999,0.02333%
1832,282.9219999,0.01096%
1833,282.9659999,0.01555%
1834,283.0279999,0.02191%
1835,283.0859999,0.02049%
1836,283.1489999,0.02225%
1837,283.1979999,0.01730%
1838,283.2529999,0.01942%
1839,283.3109999,0.02047%
1840,283.3819999,0.02506%
1841,283.4669999,0.02999%
1842,283.5279999,0.02152%
1843,283.5659999,0.01340%
1844,283.6089999,0.01516%
1845,283.7249999,0.04089%
1846,283.8469999,0.04299%
1847,283.9359999,0.03135%
1848,284.0679999,0.04648%
1849,284.2069999,0.04892%
1850,284.3169999,0.03870%
1851,284.4509998,0.04712%
1852,284.5979998,0.05167%
1853,284.7309998,0.04672%
1854,284.8459998,0.04038%
1855,284.9409998,0.03335%
1856,285.0489998,0.03790%
1857,285.2039998,0.05436%
1858,285.3689998,0.05784%
1859,285.5449998,0.06166%
1860,285.7389997,0.06792%
1861,285.9329997,0.06787%
1862,286.0999997,0.05839%
1863,286.2709997,0.05975%
1864,286.4419997,0.05972%
1865,286.6139996,0.06003%
1866,286.7809996,0.05825%
1867,286.9549996,0.06066%
1868,287.1049996,0.05226%
1869,287.2249996,0.04179%
1870,287.3549996,0.04525%
1871,287.4939995,0.04836%
1872,287.6639995,0.05911%
1873,287.8599995,0.06811%
1874,288.0609995,0.06980%
1875,288.2909994,0.07981%
1876,288.5199994,0.07940%
1877,288.7519994,0.08038%
1878,288.9929994,0.08343%
1879,289.2209994,0.07886%
1880,289.4699993,0.08606%
1881,289.7369993,0.09220%
1882,290.0189993,0.09728%
1883,290.2629992,0.08410%
1884,290.5119992,0.08575%
1885,290.7969992,0.09805%
1886,291.0999992,0.10414%
1887,291.4139991,0.10781%
1888,291.7629991,0.11969%
1889,292.1129991,0.11989%
1890,292.457999,0.11804%
1891,292.815999,0.12234%
1892,293.1669989,0.11980%
1893,293.4769989,0.10569%
1894,293.7909989,0.10694%
1895,294.0789989,0.09798%
1896,294.3649988,0.09721%
1897,294.6459988,0.09541%
1898,294.9539987,0.10448%
1899,295.2999986,0.11724%
1900,295.6749984,0.12691%
1901,296.006998,0.11222%
1902,296.3249974,0.10737%
1903,296.6539968,0.11096%
1904,296.9539963,0.10108%
1905,297.2889957,0.11275%
1906,297.6619951,0.12539%
1907,298.0979945,0.14637%
1908,298.517994,0.14079%
1909,298.9359935,0.13993%
1910,299.3769929,0.14741%
1911,299.8289923,0.15087%
1912,300.3529917,0.17461%
1913,300.9099911,0.18528%
1914,301.4189908,0.16901%
1915,301.9369903,0.17171%
1916,302.4849897,0.18133%
1917,303.0109891,0.17374%
1918,303.4489886,0.14444%
1919,303.8139883,0.12021%
1920,304.2459877,0.14209%
1921,304.5999873,0.11629%
1922,304.9449868,0.11320%
1923,305.2709861,0.10685%
1924,305.6299855,0.11753%
1925,305.812985,0.05986%
1926,305.9539845,0.04610%
1927,306.1769839,0.07286%
1928,306.3289833,0.04963%
1929,306.4949827,0.05418%
1930,306.6199824,0.04078%
1931,306.8219821,0.06586%
1932,307.0929818,0.08829%
1933,307.4019813,0.10057%
1934,307.7849806,0.12451%
1935,308.22698,0.14350%
1936,309.0119793,0.25436%
1937,309.7639786,0.24306%
1938,310.2939782,0.17095%
1939,310.8509776,0.17935%
1940,311.3569769,0.16265%
1941,311.8109763,0.14571%
1942,312.1719757,0.11571%
1943,312.3899752,0.06981%
1944,312.4129748,0.00736%
1945,312.3849746,-0.00896%
1946,312.389974,0.00160%
1947,312.4859732,0.03073%
1948,312.5209725,0.01120%
1949,312.6319721,0.03551%
1950,312.8209713,0.06044%
1951,313.0139706,0.06168%
1952,313.34197,0.10473%
1953,313.7299694,0.12375%
1954,314.0949688,0.11627%
1955,314.414968,0.10183%
1956,314.6979672,0.08997%
1957,314.9919665,0.09338%
1958,315.3449659,0.11200%
1959,315.8069651,0.14640%
1960,316.6249644,0.25868%
1961,317.2989638,0.21264%
1962,318.0439631,0.23452%
1963,318.6499622,0.19036%
1964,319.3329614,0.21411%
1965,319.8159605,0.15114%
1966,320.8799597,0.33214%
1967,321.4799589,0.18681%
1968,322.388958,0.28236%
1969,323.250957,0.26702%
1970,324.7829559,0.47282%
1971,325.399955,0.18979%
1972,327.3489541,0.59717%
1973,329.9089531,0.77900%
1974,330.7559525,0.25641%
1975,330.826952,0.02146%
1976,331.544951,0.21680%
1977,333.3529501,0.54384%
1978,335.0099494,0.49584%
1979,336.6049484,0.47498%
1980,338.7049479,0.62194%
1981,340.0589478,0.39896%
1982,340.6439474,0.17188%
1983,342.2659473,0.47503%
1984,344.0079495,0.50767%
1985,345.4589538,0.42091%
1986,346.9029481,0.41712%
1987,348.7749474,0.53818%
1988,351.2759329,0.71452%
1989,352.8939214,0.45955%
1990,354.0729301,0.33354%
1991,355.3529349,0.36086%
1992,356.2289489,0.24622%
1993,356.9249589,0.19519%
1994,358.2539622,0.37166%
1995,360.2389564,0.55255%
1996,362.0049615,0.48903%
1997,363.2519618,0.34388%
1998,365.932958,0.73534%
1999,367.8449748,0.52114%
2000,369.12498,0.34737%
2001,370.6729901,0.41850%
2002,372.8349943,0.58157%
2003,375.410995,0.68855%
2004,376.9870025,0.41893%
2005,378.907005,0.50801%
2006,381.010007,0.55348%
2007,382.6030247,0.41723%
2008,384.7390186,0.55673%
2009,386.280019,0.39973%
2010,388.7170293,0.62891%
2011,390.9440147,0.57127%
2012,393.0159927,0.52859%
2013,395.7249793,0.68692%
2014,397.5469769,0.45936%
